claim,version,pass,reason,path
C-U1,2.0.0,True,Constraints reduce to a single independent U(1) phase.,./A_U1_selection/CERT_U1_v2.json
C-Dunique,2.0.0,True,Unique fixed point with L=0 and certified interval.,./B_Deff_uniqueness/CERT_Deff_v2.json
C-Proj,2.0.0,True,Curvature scalar stable across projector choices,./C_projector_uniqueness/CERT_proj_v2.json
C-SU4-NoGo,2.0.0,True,Sylvester+Gershgorin+MinimalWitness,./D_su4_no_go/CERT_su4_v2.json
C-NoSing,2.0.0,True,Positive margins for barrier inequalities in the model.,./E_no_singularity/CERT_nosing_v2.json
