{
  "overall": 0.92,
  "claims": {
    "C-U1": {
      "data_present": true,
      "dual_witness_present": true,
      "redteam_covered": true,
      "score": 1.0
    },
    "C-Dunique": {
      "data_present": true,
      "dual_witness_present": false,
      "redteam_covered": true,
      "score": 0.6
    },
    "C-Proj": {
      "data_present": true,
      "dual_witness_present": true,
      "redteam_covered": true,
      "score": 1.0
    },
    "C-SU4-NoGo": {
      "data_present": true,
      "dual_witness_present": true,
      "redteam_covered": true,
      "score": 1.0
    },
    "C-NoSing": {
      "data_present": true,
      "dual_witness_present": true,
      "redteam_covered": true,
      "score": 1.0
    }
  }
}