{
  "horizon_exporter": {
    "module": "your_repo.horizon.extractor",
    "function": "export_horizon_constraints",
    "kwargs": {},
    "contract": {
      "returns": "list[list[number]]",
      "desc": "Rows of integer coefficients; columns per cycle."
    }
  },
  "sigma2_exporter": {
    "module": "your_repo.ggf.sigma2",
    "function": "export_sigma_second_variation",
    "kwargs": {},
    "contract": {
      "returns": "list[list[number]] (square SPD)",
      "desc": "Second variation matrix \u03a3''(\u03c4=0)."
    }
  },
  "su4_hessian_exporter": {
    "module": "your_repo.su4.hessian_path",
    "function": "export_hessian_family",
    "kwargs": {},
    "contract": {
      "returns": "list[list[list[number]]]",
      "desc": "Family of Hessians near \u03c4=0 along SU(4) path."
    }
  }
}