{
  "./A_U1_selection/CERT_C-U1.schema.json": {
    "has_six_over_five": false,
    "has_phi": false,
    "has_h": false,
    "has_kappa": false
  },
  "./A_U1_selection/CERT_C.schema.json": {
    "has_six_over_five": false,
    "has_phi": false,
    "has_h": false,
    "has_kappa": false
  },
  "./A_U1_selection/CERT_U1_v2.json": {
    "has_six_over_five": false,
    "has_phi": false,
    "has_h": false,
    "has_kappa": false
  },
  "./A_U1_selection/CERT_stub.json": {
    "has_six_over_five": true,
    "has_phi": true,
    "has_h": true,
    "has_kappa": true
  },
  "./B_Deff_uniqueness/CERT_C-Dunique.schema.json": {
    "has_six_over_five": false,
    "has_phi": false,
    "has_h": false,
    "has_kappa": false
  },
  "./B_Deff_uniqueness/CERT_C.schema.json": {
    "has_six_over_five": false,
    "has_phi": false,
    "has_h": false,
    "has_kappa": false
  },
  "./B_Deff_uniqueness/CERT_Deff_v2.json": {
    "has_six_over_five": true,
    "has_phi": true,
    "has_h": false,
    "has_kappa": false
  },
  "./B_Deff_uniqueness/CERT_stub.json": {
    "has_six_over_five": true,
    "has_phi": true,
    "has_h": true,
    "has_kappa": true
  },
  "./C_projector_uniqueness/CERT_C-Proj.schema.json": {
    "has_six_over_five": false,
    "has_phi": false,
    "has_h": false,
    "has_kappa": false
  },
  "./C_projector_uniqueness/CERT_C.schema.json": {
    "has_six_over_five": false,
    "has_phi": false,
    "has_h": false,
    "has_kappa": false
  },
  "./C_projector_uniqueness/CERT_proj_v2.json": {
    "has_six_over_five": false,
    "has_phi": false,
    "has_h": false,
    "has_kappa": false
  },
  "./C_projector_uniqueness/CERT_stub.json": {
    "has_six_over_five": true,
    "has_phi": true,
    "has_h": true,
    "has_kappa": true
  },
  "./D_su4_no_go/CERT_C-SU4-NoGo.schema.json": {
    "has_six_over_five": false,
    "has_phi": false,
    "has_h": false,
    "has_kappa": false
  },
  "./D_su4_no_go/CERT_C.schema.json": {
    "has_six_over_five": false,
    "has_phi": false,
    "has_h": false,
    "has_kappa": false
  },
  "./D_su4_no_go/CERT_stub.json": {
    "has_six_over_five": true,
    "has_phi": true,
    "has_h": true,
    "has_kappa": true
  },
  "./D_su4_no_go/CERT_su4_v2.json": {
    "has_six_over_five": false,
    "has_phi": false,
    "has_h": false,
    "has_kappa": false
  },
  "./E_no_singularity/CERT_C-NoSing.schema.json": {
    "has_six_over_five": false,
    "has_phi": false,
    "has_h": false,
    "has_kappa": false
  },
  "./E_no_singularity/CERT_C.schema.json": {
    "has_six_over_five": false,
    "has_phi": false,
    "has_h": false,
    "has_kappa": false
  },
  "./E_no_singularity/CERT_nosing_v2.json": {
    "has_six_over_five": false,
    "has_phi": false,
    "has_h": false,
    "has_kappa": false
  },
  "./E_no_singularity/CERT_stub.json": {
    "has_six_over_five": true,
    "has_phi": true,
    "has_h": true,
    "has_kappa": true
  },
  "./docs/external_invariants/CERT_INVARIANTS_ALIGNMENT.json": {
    "has_six_over_five": false,
    "has_phi": false,
    "has_h": false,
    "has_kappa": false
  },
  "./external/CERT_PhiGram.schema.json": {
    "has_six_over_five": false,
    "has_phi": false,
    "has_h": false,
    "has_kappa": false
  }
}