[
  {
    "path": "A_U1_selection/CERT_C-U1.schema.json",
    "sha256": "416bd4903aaf6cb61bd7db2a34fc053cb95435d303f17fb52807bc6215949ce8"
  },
  {
    "path": "A_U1_selection/CERT_C.schema.json",
    "sha256": "416bd4903aaf6cb61bd7db2a34fc053cb95435d303f17fb52807bc6215949ce8"
  },
  {
    "path": "A_U1_selection/CERT_U1_v2.json",
    "sha256": "f7492556435a1601a4ed83fe19194cd8dd9e5e6858485d3ee600b5bfc8f18023"
  },
  {
    "path": "A_U1_selection/CERT_stub.json",
    "sha256": "e4f6e29ca313aa76d5bc19b883b64745400d1fa9a58c3edd4bd643701e05ee63"
  },
  {
    "path": "A_U1_selection/INPUT_VALIDATION.json",
    "sha256": "d0196184511159cd7018303065a6b80d49f4b3c73778d9dbb83bf562fb9fcb5d"
  },
  {
    "path": "A_U1_selection/abelian_rank_snf.py",
    "sha256": "72fec0304138012704dcd8e042f48518973c6603df4e3a73cc4d89148ff63d10"
  },
  {
    "path": "A_U1_selection/constraints.json",
    "sha256": "70edda59e6b7317d7e9b2ee26a08bd030d9dbff496417ebd282dd969f64ac5e4"
  },
  {
    "path": "A_U1_selection/holonomy_closure.py",
    "sha256": "3e170fdc01f38d4b608701dd34f17cb690a5201d853b9d0658439a87ef66d76d"
  },
  {
    "path": "A_U1_selection/holonomy_rank.json",
    "sha256": "e7fd7823aae151d65c0344d9ddc43a4e812c8a5f4d831d60c52414eaadd2f0bd"
  },
  {
    "path": "A_U1_selection/sigma_hessian.py",
    "sha256": "e89611f92d2a3c75b3b60dfcd011a2a3ef04e8f2d4c617be92c27984943f2d07"
  },
  {
    "path": "B_Deff_uniqueness/CERT_C-Dunique.schema.json",
    "sha256": "b09719c2a9b40e5cb612d746598ad27668a00b4f54265da316ea5af819789c03"
  },
  {
    "path": "B_Deff_uniqueness/CERT_C.schema.json",
    "sha256": "b09719c2a9b40e5cb612d746598ad27668a00b4f54265da316ea5af819789c03"
  },
  {
    "path": "B_Deff_uniqueness/CERT_Deff_v2.json",
    "sha256": "219a5f3d225e23f8aea44e5b13b568b7d469bc401f657ad6c3a9aee347008f1f"
  },
  {
    "path": "B_Deff_uniqueness/CERT_stub.json",
    "sha256": "3c78a9fc27aecef1b63ff0a5a955ee704c105b6832fee62c5f102af6e9a22f25"
  },
  {
    "path": "B_Deff_uniqueness/Deff_metrics_v2.json",
    "sha256": "322606fa4eecc451f88673833d498f920984c5dea14c5616c36eac68abcc3f28"
  },
  {
    "path": "B_Deff_uniqueness/fixed_point_bounds.py",
    "sha256": "b345dd3927ebee55c591dad0d0b85967d8ac3acf3f0fa64801885f3abe02a8dd"
  },
  {
    "path": "B_Deff_uniqueness/fixed_point_bounds_v2.py",
    "sha256": "3cf2f9ae699b0109c29107fa601ea38dcaed35930eef04ff22592d747fbcb1e2"
  },
  {
    "path": "B_Deff_uniqueness/fixed_point_bounds_v2.txt",
    "sha256": "49b30061eabf60db0b6d96c30426e43881fd3070760d6dc7717ff2a51c74a2ef"
  },
  {
    "path": "B_Deff_uniqueness/interval_proof.py",
    "sha256": "a447309d7caa453a525cfaffbfde836ad2cedfeb5c6d9a102bd8d1fb8b454f9a"
  },
  {
    "path": "CERT_summary.csv",
    "sha256": "3deefa6e21d03adb7cc2dfaa30c2a745011d5d29eaf27440c80cd56d4c0a39aa"
  },
  {
    "path": "C_projector_uniqueness/CERT_C-Proj.schema.json",
    "sha256": "b24ad1694d5cf177752909ba36c1853041f68ef903183de5b61800bb4b2905da"
  },
  {
    "path": "C_projector_uniqueness/CERT_C.schema.json",
    "sha256": "b24ad1694d5cf177752909ba36c1853041f68ef903183de5b61800bb4b2905da"
  },
  {
    "path": "C_projector_uniqueness/CERT_proj_v2.json",
    "sha256": "6bab19291b2df24211b5315c86d6a0900e0202a700c200fde6fd0059d3f63202"
  },
  {
    "path": "C_projector_uniqueness/CERT_stub.json",
    "sha256": "f9529a88bc5d4ff054ad6e0010e2039fdbef43cb521c7be0553c1ebe24097c43"
  },
  {
    "path": "C_projector_uniqueness/INPUT_VALIDATION.json",
    "sha256": "cf88928250ef0f07070114064d00ad67d2af403790b5cfb5891e0260aa70a26c"
  },
  {
    "path": "C_projector_uniqueness/S_baseline.json",
    "sha256": "cf3d591fed3e9c6badc37707cb0d41f462e30f59d7cd32f9b5f1e01519a01bb2"
  },
  {
    "path": "C_projector_uniqueness/proj_metrics_v2.json",
    "sha256": "290feaab088788afe0d014fd7a30aaa5b0ed2d937f778f907898c374487f49b2"
  },
  {
    "path": "C_projector_uniqueness/projector_sweep.py",
    "sha256": "25021f46182f571c4f1a82db92ca5a7d6cb6ea2926af9ddcb670813212544ac1"
  },
  {
    "path": "C_projector_uniqueness/projector_sweep_v2.csv",
    "sha256": "753dec1c70f75a83f3605317dccb09d341a5cc7e2876c4592c58d41ca89c6890"
  },
  {
    "path": "C_projector_uniqueness/projector_sweep_v2.py",
    "sha256": "bf35fff6e325c14e55ff82621b11a88e2373aadd165f4ff2709363c889858bb4"
  },
  {
    "path": "D_su4_no_go/CERT_C-SU4-NoGo.schema.json",
    "sha256": "b36026da3f5bb232c6446fc629fed5b5125304e673bccf6af2be5f8c42ffa2fa"
  },
  {
    "path": "D_su4_no_go/CERT_C.schema.json",
    "sha256": "b36026da3f5bb232c6446fc629fed5b5125304e673bccf6af2be5f8c42ffa2fa"
  },
  {
    "path": "D_su4_no_go/CERT_stub.json",
    "sha256": "a11e322ef8fe0a9993503a0c32fb655c90df7c0e69681eb6f2000b5c4d970967"
  },
  {
    "path": "D_su4_no_go/CERT_su4_v2.json",
    "sha256": "41c887a4ffef9b81f3ebb5468970b6c06f0cd00cf57796b5ece3445a5089327c"
  },
  {
    "path": "D_su4_no_go/INPUT_VALIDATION.json",
    "sha256": "aaeec67544df5f26c88c5f70af9f551da7f77df3be56e5b814fa36e1cb4fbc42"
  },
  {
    "path": "D_su4_no_go/SYL_cert.json",
    "sha256": "bdf0f2cdc53a50e7438a1b9b3605ddc7bb7028cf600b37e15930c2db3a5799b9"
  },
  {
    "path": "D_su4_no_go/hessian_inputs.json",
    "sha256": "fe7016fdcec6d5befa4b8a177605a9fc81e587445d57919d14a77517f7ea77e5"
  },
  {
    "path": "D_su4_no_go/hessian_multi_v2.py",
    "sha256": "667beaf5a4f1d94f5a9cbcbc3bd66270cf9f489d2995d6e787ebd2a9cf5c0143"
  },
  {
    "path": "D_su4_no_go/hessian_traces.py",
    "sha256": "ebd49a7415096a1c4376feaf9b8b5a69e5b785f6841f035bbb8ed4232e415022"
  },
  {
    "path": "D_su4_no_go/hessian_traces_v2.csv",
    "sha256": "4ac2deea84983e3b91b83882bd75ff5dd2cedf268cf99b39830706341d56b73c"
  },
  {
    "path": "D_su4_no_go/minimal_witness.json",
    "sha256": "47eeb02077d11f0c50a79ee7a6fbe518c7724176fb37655a5347c758110578f6"
  },
  {
    "path": "D_su4_no_go/su4_metrics_v2.json",
    "sha256": "0b27fbe1aba81a606d79e5b77b29ae11fd7c33a0932aea21166ab6b8359b2cc1"
  },
  {
    "path": "D_su4_no_go/sylvester_certificate.py",
    "sha256": "abf9ba64235e336995ab131d13a2bdacd229125f1b28d6296a8d17a3235bc29a"
  },
  {
    "path": "D_su4_no_go/witness_minimizer.py",
    "sha256": "bec6b3f67d07c24ff4f22c6145438bf7e95c5c596683e57c07db3017710cfedd"
  },
  {
    "path": "Deff_interval_proof.json",
    "sha256": "66df85a4d30aebb6e6afb641b34feedeb784dc7f42e231495dedc7b35f90c6f0"
  },
  {
    "path": "Deff_metrics_v2.json",
    "sha256": "322606fa4eecc451f88673833d498f920984c5dea14c5616c36eac68abcc3f28"
  },
  {
    "path": "E_no_singularity/CERT_C-NoSing.schema.json",
    "sha256": "759286ab35eb591a57880fc19eeeec6c1233159300e7b50b433ebfec053661c7"
  },
  {
    "path": "E_no_singularity/CERT_C.schema.json",
    "sha256": "759286ab35eb591a57880fc19eeeec6c1233159300e7b50b433ebfec053661c7"
  },
  {
    "path": "E_no_singularity/CERT_nosing_v2.json",
    "sha256": "3bbc703741d0416ebc7a188c5fc8069c87ed83672f7955726b8369450ce9b2b4"
  },
  {
    "path": "E_no_singularity/CERT_stub.json",
    "sha256": "c66c72e36929a5505f2e54589ae9d66e217bdaf438d66b9db400f825ffbe0f8b"
  },
  {
    "path": "E_no_singularity/barrier_certificate.ipynb",
    "sha256": "f539a4c131e6390bd3358d2ccdd3453d8637527c2d3b67d9271f01bf320f23bd"
  },
  {
    "path": "E_no_singularity/check_barrier_v2.py",
    "sha256": "a9b3c98228d0d2e86f6c93aca915938b7f9d3c6a94ebdfbe943426af9bb70cd4"
  },
  {
    "path": "E_no_singularity/inequalities.txt",
    "sha256": "51b644ee99a6d65a77b88dbf963f7157d5103ef439ad99a6192b6a2d06257070"
  },
  {
    "path": "E_no_singularity/nosing_metrics_v2.json",
    "sha256": "a700d644565f270d286d36573c4c9b2052fcb4d985750cd31c3275f6e1dabea1"
  },
  {
    "path": "MANIFEST.json",
    "sha256": "4d30415d0b30e560bca21d9dca7ef234805e4cd1b7e5261bcd5dfca4532d5ee7"
  },
  {
    "path": "MERKLE_LEAVES.json",
    "sha256": "b9a04ce49c2ae3a2914e8d8890e81abb28f461214951034dfd92e3223d32aa10"
  },
  {
    "path": "MERKLE_ROOT.txt",
    "sha256": "bf7f26461b503ff9796db846f13677aaa246d0707f17480bbd6547f5e494b4db"
  },
  {
    "path": "README_STUBS.md",
    "sha256": "7894a959938390378f26b9e0a4425664b8ad1da0a805d6eb97837d43381ff4ef"
  },
  {
    "path": "REDTEAM_REPORT.json",
    "sha256": "87922f3b6cf16d040ce74578426e82f0c5fd0edfe1d77a2ef0c5cc0bea700fdf"
  },
  {
    "path": "RUN_README.md",
    "sha256": "23aba4044149d50c764b68e2b4d5a3b5ce3b1e1dfae482a2d5e8da43ec9792e6"
  },
  {
    "path": "RUN_REPORT.json",
    "sha256": "de936cd4a694033d6fd154c7f1c707992804ecfc59150d7a2e0f11000b349d3b"
  },
  {
    "path": "RUN_STATUS.md",
    "sha256": "e19e5b30f84f53c0887060fb208319566d4ce3778f33c9b16158d7f88ed40c16"
  },
  {
    "path": "RUN_VALIDATION.md",
    "sha256": "94a760dd06b01fd9ef2cbe60c0576814ea0ec5335c9f7be3fe5dbb833100cfd8"
  },
  {
    "path": "SUFFICIENCY_CHECKLIST.json",
    "sha256": "10c7bdf2b10f97591f1aed056f5d201c30e6b1e7ac984924e6a19e5828c25d0d"
  },
  {
    "path": "build_checklist.py",
    "sha256": "ded7d643f6406403c72204d4d9a3939a86b544b040bdbb6a918c0f0326292f8b"
  },
  {
    "path": "build_merkle.py",
    "sha256": "27c4f5bea60f41b889d9aef24d3bd60b2c2a192c777d73942654281731469f87"
  },
  {
    "path": "dashboard.html",
    "sha256": "df0d6bc924697d94d6628db78126f2ccf03d29230b1774dcce03512c3a575b37"
  },
  {
    "path": "docs/DATA_CONTRACTS.md",
    "sha256": "00489ae0bfc02264fa88d7d906fb0bec122f9e1948013271d0200ab1482a2258"
  },
  {
    "path": "docs/EXEC_SUMMARY.md",
    "sha256": "e16415b8f75c7069bacee311f711e8b39dac9815932f105c1aa1170b14a659af"
  },
  {
    "path": "docs/INTEGRITY.md",
    "sha256": "6b68c54af673c6789f91b5fbf5bee16465acbc715bcbd5915b96c8d573596eb3"
  },
  {
    "path": "docs/ROADMAP.md",
    "sha256": "d9350066afcc20f0e94b45a4a841a80f11b857030ac3ac55416e5b1a6713412b"
  },
  {
    "path": "fixed_point_bounds_v2.txt",
    "sha256": "49b30061eabf60db0b6d96c30426e43881fd3070760d6dc7717ff2a51c74a2ef"
  },
  {
    "path": "gen_constraints_from_horizon.py",
    "sha256": "bc410027991aa78274a992f699b969273bcfd6835ab3d9329be462a65776f4c0"
  },
  {
    "path": "generate_dashboard.py",
    "sha256": "596202e1cbfbf73931260990a0193c5de0cc22622a81cdb933027878d96a5c62"
  },
  {
    "path": "hessian_traces_v2.csv",
    "sha256": "0f8f0430123f418a48a9d53dcc1184f777e699eb21d3c92c11b9f7a9ecfbb1f2"
  },
  {
    "path": "inputs/horizon_P3.csv",
    "sha256": "d45223ad350e4e0caa2429fdd1986a8ea03ad68b1a0b7558d31f6bc7f455487e"
  },
  {
    "path": "inputs/sigma_second_variation.csv",
    "sha256": "0ec916b54315c3e29737bc3d79b18b86c3a4725be3fbb287a3ca23bac1e442b7"
  },
  {
    "path": "inputs/su4_hessian/H_001.csv",
    "sha256": "2c7216d2c625038f178b240f138dbd71931408da1ea29dc17f8d2707ef9a3f4d"
  },
  {
    "path": "inputs/su4_hessian/H_002.csv",
    "sha256": "704a60604aeaf11ec81d490a9aaa64e0fd377d572920e1fc693490b042f1489a"
  },
  {
    "path": "inputs/su4_hessian/H_003.csv",
    "sha256": "5292c5e72ab8c0030fcbed7b4ee93ba437139accb16211248f437a376ab7f55e"
  },
  {
    "path": "inputs/su4_hessian/H_004.csv",
    "sha256": "e644a33d92f48da9ed4d4470a96e87acfd802089c77398efc2f341986ccba428"
  },
  {
    "path": "inputs/su4_hessian/H_005.csv",
    "sha256": "aebdd454fcc93d22a202547f07d1369143f09961da4a8f4c8c7e51b975d1f72b"
  },
  {
    "path": "integrations.json",
    "sha256": "4bae01a250f33c19092fac11e5396e38fe8dd074e2e447d7c1a11a1598b1f7c5"
  },
  {
    "path": "load_sigma2_baseline.py",
    "sha256": "c9176652224e621aedf30541fde264e9b2a10447f86f05c482e1864a45799e8f"
  },
  {
    "path": "load_su4_hessians.py",
    "sha256": "9adddd606ae8d50962846cba0789d23e22711b1f1f4488c60744d8570b7290e4"
  },
  {
    "path": "lock_versions.txt",
    "sha256": "3c78ac67aabb7384e2d652e4d0c080bc198b8e79bbf0f5da121cb1f39452bdc8"
  },
  {
    "path": "make_release.py",
    "sha256": "d46d6951515150af76de4634f96cb414b6c237c3f042a530029ae4223f137ee8"
  },
  {
    "path": "nosing_metrics_v2.json",
    "sha256": "a700d644565f270d286d36573c4c9b2052fcb4d985750cd31c3275f6e1dabea1"
  },
  {
    "path": "proj_metrics_v2.json",
    "sha256": "290feaab088788afe0d014fd7a30aaa5b0ed2d937f778f907898c374487f49b2"
  },
  {
    "path": "projector_sweep_v2.csv",
    "sha256": "753dec1c70f75a83f3605317dccb09d341a5cc7e2876c4592c58d41ca89c6890"
  },
  {
    "path": "red_team.py",
    "sha256": "503eedd14d962fba8ea1c2a425107f444793e8a7c3079d48634f104c18b1ba30"
  },
  {
    "path": "run_all.py",
    "sha256": "7eeac2cc03052ac91f7c457005d8ad719573a1e9096cbc0dd00b111a2a800e68"
  },
  {
    "path": "run_all_stubs.py",
    "sha256": "19676d5783ccde87116220e1326343ff3cfa9b8726a79ab4caf26a44fe809cf3"
  },
  {
    "path": "schemas/hessian_family.schema.json",
    "sha256": "78354d9710e5c1173d2d27cb372298bdcb010cf7a5c62efa772dc024886d8a94"
  },
  {
    "path": "schemas/horizon_constraints.schema.json",
    "sha256": "aa21641a9c4377ff51fa5e8f39d32221e85a43911976c90cbc35242e789fcc71"
  },
  {
    "path": "schemas/sigma2.schema.json",
    "sha256": "2a3ad80bcd83941190f058a6bd6ebd3bb9fe376edcac17ca8c4655cf2765935b"
  },
  {
    "path": "seeds.json",
    "sha256": "0a93a90633c46a17e2f9a34b57951841951c93387ab7c18f839f32fea3092efc"
  },
  {
    "path": "su4_metrics_v2.json",
    "sha256": "0b27fbe1aba81a606d79e5b77b29ae11fd7c33a0932aea21166ab6b8359b2cc1"
  },
  {
    "path": "sufficient_check.py",
    "sha256": "799772ffe0052378cbe23331953129275a7c2925d2cb8970263d13a58936b0fa"
  },
  {
    "path": "summarize_certs.py",
    "sha256": "a44947a531b0b53afa4daacb24a5515e00d46628017561d970d5abe85c0bfd45"
  },
  {
    "path": "tolerances.json",
    "sha256": "ead46f6ecc41c94424061cd9ef0863df69ac5b0beb63877f8302839c1035ce06"
  },
  {
    "path": "use_integrations.py",
    "sha256": "201446833f3ae80d4e65ea0d56366d36d0d8f13b9fef34e19e6d00c80b39df0f"
  },
  {
    "path": "validate_all.py",
    "sha256": "4de201ccd67dfa0e93dbd0ac6a9861e5b00d2ab2255944de74c79172c3161df7"
  },
  {
    "path": "validate_input_json.py",
    "sha256": "968daaa798e1701bf94f8b416e8dd2d8071f427528787455af801bb56cb6b069"
  },
  {
    "path": "validation_report.json",
    "sha256": "fdfbd7b109d3f10a0ce55b129b0cd4a61f29983393a1110f7136b547ddd94c17"
  },
  {
    "path": "your_repo/ggf/sigma2.py",
    "sha256": "0bab99d572d0f931eb546ba205dd898df11b7a764bcfe99079330930c0b1b348"
  },
  {
    "path": "your_repo/horizon/extractor.py",
    "sha256": "bb91ddf32bca7ad257e4247fb316087a0927771a3f2e5186e6df2df853767d66"
  },
  {
    "path": "your_repo/su4/hessian_path.py",
    "sha256": "9457907d7b97687ee0167005617fe7024eb5fad5c533bc51c2e82c9497cc4f7b"
  }
]