{
  "steps": [
    {
      "cmd": "python run_all.py",
      "ok": true,
      "out": "{\"done\": true, \"steps\": 15}"
    },
    {
      "cmd": "python sufficient_check.py",
      "ok": false,
      "out": "Traceback (most recent call last):\n  File \"/Users/mdavid/Downloads/mFLO/alpha/LST SCRIPTS/4 - LST FU_Specs_Template/geodesic_specs_v1/sufficient_check.py\", line 60, in <module>\n    main()\n  File \"/Users/mdavid/Downloads/mFLO/alpha/LST SCRIPTS/4 - LST FU_Specs_Template/geodesic_specs_v1/sufficient_check.py\", line 49, in main\n    with open(args.out-xml, 'w', encoding='utf-8') as f:\n              ^^^^^^^^\nAttributeError: 'Namespace' object has no attribute 'out'\n"
    },
    {
      "cmd": "python generate_dashboard.py",
      "ok": true,
      "out": "{\"dashboard\": \"dashboard.html\", \"go\": \"UNKNOWN\", \"validation_ok\": true}"
    },
    {
      "cmd": "python score_completeness.py",
      "ok": true,
      "out": "{\"overall\": 0.92, \"claims\": {\"C-U1\": {\"data_present\": true, \"dual_witness_present\": true, \"redteam_covered\": true, \"score\": 1.0}, \"C-Dunique\": {\"data_present\": true, \"dual_witness_present\": false, \"redteam_covered\": true, \"score\": 0.6}, \"C-Proj\": {\"data_present\": true, \"dual_witness_present\": true, \"redteam_covered\": true, \"score\": 1.0}, \"C-SU4-NoGo\": {\"data_present\": true, \"dual_witness_present\": true, \"redteam_covered\": true, \"score\": 1.0}, \"C-NoSing\": {\"data_present\": true, \"dual_witness_present\": true, \"redteam_covered\": true, \"score\": 1.0}}}"
    },
    {
      "cmd": "python audit_invariants.py",
      "ok": true,
      "out": "{\"count\": 22}"
    },
    {
      "cmd": "python make_snapshot.py",
      "ok": true,
      "out": "{\"tracked\": 9}"
    },
    {
      "cmd": "python diff_snapshot.py --old SNAPSHOT.json --new SNAPSHOT.json --out DELTA_REPORT.json",
      "ok": true,
      "out": "{\"added\": [], \"removed\": [], \"changed\": []}"
    }
  ]
}