{
  "red_team_pass": true,
  "tests": [
    {
      "test": "U1_rank>1",
      "expected": "fail",
      "observed_free_rank": 2,
      "pass": false
    },
    {
      "test": "Deff_constant_perturb",
      "expected": "fail_if_used",
      "delta_Deff": -0.0020770485699506125,
      "pass": false
    },
    {
      "test": "Proj_variance_inflated",
      "expected": "fail_if_used",
      "std": 0.04527692569068712,
      "pass": false
    },
    {
      "test": "SU4_no_negative_mode",
      "expected": "fail",
      "min_eigenvalue": 0.001,
      "pass": false
    },
    {
      "test": "NoSing_zero_alphaH",
      "expected": "fail",
      "margins": {
        "energy": 0.0,
        "trap": 0.0
      },
      "pass": false
    }
  ]
}