[
  {
    "step": "integrations",
    "cmd": "python use_integrations.py --demo-if-missing",
    "ok": true,
    "out": "{\n  \"integrations\": [\n    {\n      \"horizon_exporter\": \"ok\",\n      \"path\": \"inputs/horizon_P3.csv\"\n    },\n    {\n      \"sigma2_exporter\": \"ok\",\n      \"path\": \"inputs/sigma_second_variation.csv\"\n    },\n    {\n      \"su4_hessian_exporter\": \"ok\",\n      \"count\": 5,\n      \"folder\": \"inputs/su4_hessian\"\n    }\n  ]\n}"
  },
  {
    "step": "adapter",
    "cmd": "python gen_constraints_from_horizon.py",
    "ok": true,
    "out": "{\"status\": \"ok\", \"num_cycles\": 12, \"rows\": 11}"
  },
  {
    "step": "adapter",
    "cmd": "python load_sigma2_baseline.py",
    "ok": true,
    "out": "{\"status\": \"ok\", \"shape\": [3, 3]}"
  },
  {
    "step": "adapter",
    "cmd": "python load_su4_hessians.py",
    "ok": true,
    "out": "{\"status\": \"ok\", \"count\": 5}"
  },
  {
    "step": "check",
    "cmd": "python B_Deff_uniqueness/fixed_point_bounds_v2.py",
    "ok": true,
    "out": "{\"Deff_estimate\": 2.810559978683637, \"Deff_lower\": 2.810499978683637, \"Deff_upper\": 2.8106199786836368, \"interval_width\": 0.00011999999999989797, \"Fprime_sign\": \"negative\", \"lipschitz_const\": 0.0}"
  },
  {
    "step": "check",
    "cmd": "python A_U1_selection/abelian_rank_snf.py",
    "ok": false,
    "out": "Traceback (most recent call last):\n  File \"/Users/mdavid/Downloads/mFLO/alpha/LST SCRIPTS/4 - LST FU_Specs_Template/geodesic_specs_v1/A_U1_selection/abelian_rank_snf.py\", line 85, in <module>\n    main()\n  File \"/Users/mdavid/Downloads/mFLO/alpha/LST SCRIPTS/4 - LST FU_Specs_Template/geodesic_specs_v1/A_U1_selection/abelian_rank_snf.py\", line 73, in main\n    with open(args.constraints, 'r') as f:\n         ^^^^^^^^^^^^^^^^^^^^^^^^^^^\nFileNotFoundError: [Errno 2] No such file or directory: 'constraints.json'\n"
  },
  {
    "step": "check",
    "cmd": "python C_projector_uniqueness/projector_sweep_v2.py",
    "ok": true,
    "out": "{\"num_projectors\": 20, \"C_sigma_mean\": 1.5901142782247242, \"C_sigma_std\": 0.14830457474150754, \"C_sigma_min\": 1.3201356865736793, \"C_sigma_max\": 1.7918607965352764}"
  },
  {
    "step": "check",
    "cmd": "python D_su4_no_go/hessian_multi_v2.py",
    "ok": true,
    "out": "{\"min_eigenvalue\": 1.0, \"num_negative_modes_detected\": 0, \"num_projectors_checked\": 10}"
  },
  {
    "step": "check",
    "cmd": "python E_no_singularity/check_barrier_v2.py",
    "ok": true,
    "out": "{\"alpha_H\": 1.0, \"min_margin_energy_identity\": 0.0002, \"min_margin_trapped_surface_bound\": 0.00012}"
  },
  {
    "step": "interval_Deff",
    "cmd": "python B_Deff_uniqueness/interval_proof.py",
    "ok": true,
    "out": "{\"phi_lo\": 1.618033988749895, \"phi_hi\": 1.618033988749895, \"c_lo\": 1.0954451150103321, \"c_hi\": 1.0954451150103321, \"Deff_lower\": 2.810559978683637, \"Deff_upper\": 2.810559978683637, \"interval_width\": 1e-49, \"Fprime_sign\": \"negative\", \"lipschitz_const\": 0.0}"
  },
  {
    "step": "sylvester_su4",
    "cmd": "python D_su4_no_go/sylvester_certificate.py",
    "ok": true,
    "out": "{\"checked\": 5, \"one_negative_count\": 5, \"items\": [{\"idx\": 1, \"d1\": -0.0001, \"d2\": -1.0000000000000001e-07, \"det\": -2e-10, \"one_negative_eig\": true}, {\"idx\": 2, \"d1\": -0.00012, \"d2\": -1.3200000000000002e-07, \"det\": -2.772e-10, \"one_negative_eig\": true}, {\"idx\": 3, \"d1\": -0.00014000000000000001, \"d2\": -1.6800000000000002e-07, \"det\": -3.696000000000001e-10, \"one_negative_eig\": true}, {\"idx\": 4, \"d1\": -0.00016, \"d2\": -2.08e-07, \"det\": -4.784e-10, \"one_negative_eig\": true}, {\"idx\": 5, \"d1\": -0.00018, \"d2\": -2.5200000000000003e-07, \"det\": -6.048000000000001e-10, \"one_negative_eig\": true}]}"
  },
  {
    "step": "phi_gram_run",
    "cmd": "python external/run_phi_gram.py --group su4 --grid 14 --B 512 --refine 1",
    "ok": false,
    "out": "Traceback (most recent call last):\n  File \"/Users/mdavid/Downloads/mFLO/alpha/LST SCRIPTS/4 - LST FU_Specs_Template/geodesic_specs_v1/external/run_phi_gram.py\", line 42, in <module>\n    main()\n  File \"/Users/mdavid/Downloads/mFLO/alpha/LST SCRIPTS/4 - LST FU_Specs_Template/geodesic_specs_v1/external/run_phi_gram.py\", line 35, in main\n    with open(summary_path, \"w\", encoding=\"utf-8\") as f:\n         ^^^^^^^^^^^^^^^^^^^^^^^^^^^^^^^^^^^^^^^^^\nFileNotFoundError: [Errno 2] No such file or directory: '/Users/mdavid/Downloads/mFLO/alpha/LST SCRIPTS/4 - LST FU_Specs_Template/geodesic_specs_v1/external/external/phi_gram_summary.json'\n"
  },
  {
    "step": "phi_gram_cert",
    "cmd": "python external/make_phi_cert.py",
    "ok": false,
    "out": "missing phi_gram_summary.json\n"
  },
  {
    "step": "summary",
    "cmd": "python summarize_certs.py",
    "ok": true,
    "out": "wrote CERT_summary.csv with 5 entries"
  },
  {
    "step": "validate",
    "cmd": "python validate_all.py ...",
    "ok": false,
    "out": "Traceback (most recent call last):\n  File \"/Users/mdavid/Downloads/mFLO/alpha/LST SCRIPTS/4 - LST FU_Specs_Template/geodesic_specs_v1/validate_all.py\", line 62, in <module>\n    main()\n  File \"/Users/mdavid/Downloads/mFLO/alpha/LST SCRIPTS/4 - LST FU_Specs_Template/geodesic_specs_v1/validate_all.py\", line 47, in main\n    cert = load_json(cp)\n           ^^^^^^^^^^^^^\n  File \"/Users/mdavid/Downloads/mFLO/alpha/LST SCRIPTS/4 - LST FU_Specs_Template/geodesic_specs_v1/validate_all.py\", line 5, in load_json\n    with open(p, 'r', encoding='utf-8') as f:\n         ^^^^^^^^^^^^^^^^^^^^^^^^^^^^^^\nFileNotFoundError: [Errno 2] No such file or directory: 'external/CERT_phigram_v2.json'\n"
  }
]