{
  "files": {
    "CERT_summary.csv": {
      "size": 604
    },
    "validation_report.json": {
      "size": 839
    },
    "MERKLE_ROOT.txt": {
      "size": 65
    },
    "A_U1_selection/SNF_REPORT.json": {
      "size": 1450
    },
    "C_projector_uniqueness/proj_metrics_v2.json": {
      "size": 176
    },
    "D_su4_no_go/SYL_cert.json": {
      "size": 807
    },
    "D_su4_no_go/GERSH_cert.json": {
      "size": 1431
    },
    "D_su4_no_go/minimal_witness.json": {
      "size": 39
    },
    "E_no_singularity/nosing_metrics_v2.json": {
      "size": 107
    }
  }
}