{
  "GO_NOGO": "UNKNOWN",
  "claims": [
    {
      "claim_id": "C-U1",
      "version": "2.0.0",
      "pass": true,
      "reason": "Constraints reduce to a single independent U(1) phase.",
      "path": "./A_U1_selection/CERT_U1_v2.json"
    },
    {
      "claim_id": "C-Dunique",
      "version": "2.0.0",
      "pass": true,
      "reason": "Unique fixed point with L=0 and certified interval.",
      "path": "./B_Deff_uniqueness/CERT_Deff_v2.json"
    },
    {
      "claim_id": "C-Proj",
      "version": "2.0.0",
      "pass": false,
      "reason": "Curvature scalar stable across projector choices in this model.",
      "path": "./C_projector_uniqueness/CERT_proj_v2.json"
    },
    {
      "claim_id": "C-SU4-NoGo",
      "version": "2.0.0",
      "pass": false,
      "reason": "Robust negative mode across variations in this model.",
      "path": "./D_su4_no_go/CERT_su4_v2.json"
    },
    {
      "claim_id": "C-NoSing",
      "version": "2.0.0",
      "pass": true,
      "reason": "Positive margins for barrier inequalities in the model.",
      "path": "./E_no_singularity/CERT_nosing_v2.json"
    }
  ]
}