claim_id,route_a,route_b,scripts,primary_artifacts,pass_gate
C-U1,π1 holonomy→charge lattice,rank/SNF uniqueness,"A_U1_selection/snf_full.py; A_U1_selection/abelian_rank_snf.py","SNF_REPORT.json; holonomy_rank.json; CERT_U1_v2.json",schema+metrics
C-Dunique,monotonicity F'(D)<0,contraction L=0,"B_Deff_uniqueness/fixed_point_bounds_v2.py; B_Deff_uniqueness/interval_proof.py","fixed_point_bounds_v2.txt; Deff_interval_proof.json; CERT_Deff_v2.json",schema+interval
C-Proj,WTI cohomology,minimality on resonance,"C_projector_uniqueness/projector_sweep_v2.py","projector_sweep_v2.csv; CERT_proj_v2.json",schema+stability
C-SU4-NoGo,resonance index,spectral crossing,"D_su4_no_go/sylvester_certificate.py; D_su4_no_go/gershgorin_certificate.py; D_su4_no_go/witness_minimizer.py","SYL_cert.json; GERSH_cert.json; minimal_witness.json; CERT_su4_v2.json",schema+negative_mode
C-NoSing,energy identity+boundary sign,discrete cutoff barrier,"E_no_singularity/check_barrier_v2.py","nosing_metrics_v2.json; CERT_nosing_v2.json",schema+margins
