{
  "claim_id": "C-SU4-NoGo",
  "version": "1.0.0-stub",
  "generated_at_utc": "2025-10-27T14:48:21Z",
  "inputs": {
    "notes": "Stub run to demonstrate schema shape."
  },
  "invariants": {
    "six_over_five": 1.2,
    "D_eff": 2.81056,
    "phi": 1.618033988749895,
    "h": 0.967,
    "kappa": 3.23606797749979
  },
  "random_seeds": {
    "main": 42
  },
  "tolerances": {
    "abs": 1e-06,
    "rel": 1e-06
  },
  "computations": [
    {
      "name": "stub",
      "status": "ok",
      "artifacts": []
    }
  ],
  "metrics": {
    "min_eigenvalue": -0.00012,
    "num_negative_modes": 1,
    "num_projectors_checked": 1
  },
  "result": {
    "pass": true,
    "reason": "All metrics within tolerances (stub)."
  },
  "provenance": {
    "tool_versions": {
      "python": "3.x"
    },
    "hashes": [
      {
        "path": "hessian_traces.py",
        "sha256": "ebd49a7415096a1c4376feaf9b8b5a69e5b785f6841f035bbb8ed4232e415022"
      }
    ]
  }
}