{
  "checked": 5,
  "has_negative_count": 5,
  "items": [
    {
      "idx": 1,
      "intervals": [
        [
          -0.0001,
          -0.0001
        ],
        [
          0.001,
          0.001
        ],
        [
          0.002,
          0.002
        ]
      ],
      "has_negative": true
    },
    {
      "idx": 2,
      "intervals": [
        [
          -0.00012,
          -0.00012
        ],
        [
          0.0011,
          0.0011
        ],
        [
          0.0021,
          0.0021
        ]
      ],
      "has_negative": true
    },
    {
      "idx": 3,
      "intervals": [
        [
          -0.00014000000000000001,
          -0.00014000000000000001
        ],
        [
          0.0012000000000000001,
          0.0012000000000000001
        ],
        [
          0.0022,
          0.0022
        ]
      ],
      "has_negative": true
    },
    {
      "idx": 4,
      "intervals": [
        [
          -0.00016,
          -0.00016
        ],
        [
          0.0013,
          0.0013
        ],
        [
          0.0023,
          0.0023
        ]
      ],
      "has_negative": true
    },
    {
      "idx": 5,
      "intervals": [
        [
          -0.00018,
          -0.00018
        ],
        [
          0.0014,
          0.0014
        ],
        [
          0.0024000000000000002,
          0.0024000000000000002
        ]
      ],
      "has_negative": true
    }
  ]
}