{
  "hessians": [
    {
      "path": "H_001.csv",
      "H": [
        [
          -0.0001,
          0.0,
          0.0
        ],
        [
          0.0,
          0.001,
          0.0
        ],
        [
          0.0,
          0.0,
          0.002
        ]
      ]
    },
    {
      "path": "H_002.csv",
      "H": [
        [
          -0.00012,
          0.0,
          0.0
        ],
        [
          0.0,
          0.0011,
          0.0
        ],
        [
          0.0,
          0.0,
          0.0021
        ]
      ]
    },
    {
      "path": "H_003.csv",
      "H": [
        [
          -0.00014000000000000001,
          0.0,
          0.0
        ],
        [
          0.0,
          0.0012000000000000001,
          0.0
        ],
        [
          0.0,
          0.0,
          0.0022
        ]
      ]
    },
    {
      "path": "H_004.csv",
      "H": [
        [
          -0.00016,
          0.0,
          0.0
        ],
        [
          0.0,
          0.0013,
          0.0
        ],
        [
          0.0,
          0.0,
          0.0023
        ]
      ]
    },
    {
      "path": "H_005.csv",
      "H": [
        [
          -0.00018,
          0.0,
          0.0
        ],
        [
          0.0,
          0.0014,
          0.0
        ],
        [
          0.0,
          0.0,
          0.0024000000000000002
        ]
      ]
    }
  ]
}