{
  "checked": 5,
  "one_negative_count": 5,
  "items": [
    {
      "idx": 1,
      "d1": -0.0001,
      "d2": -1.0000000000000001e-07,
      "det": -2e-10,
      "one_negative_eig": true
    },
    {
      "idx": 2,
      "d1": -0.00012,
      "d2": -1.3200000000000002e-07,
      "det": -2.772e-10,
      "one_negative_eig": true
    },
    {
      "idx": 3,
      "d1": -0.00014000000000000001,
      "d2": -1.6800000000000002e-07,
      "det": -3.696000000000001e-10,
      "one_negative_eig": true
    },
    {
      "idx": 4,
      "d1": -0.00016,
      "d2": -2.08e-07,
      "det": -4.784e-10,
      "one_negative_eig": true
    },
    {
      "idx": 5,
      "d1": -0.00018,
      "d2": -2.5200000000000003e-07,
      "det": -6.048000000000001e-10,
      "one_negative_eig": true
    }
  ]
}