{
  "$schema": "http://json-schema.org/draft-07/schema#",
  "title": "SU4 Hessians",
  "type": "object",
  "required": [
    "hessians"
  ],
  "properties": {
    "hessians": {
      "type": "array",
      "items": {
        "type": "object",
        "required": [
          "H"
        ],
        "properties": {
          "H": {
            "type": "array",
            "items": {
              "type": "array",
              "items": {
                "type": "number"
              }
            }
          }
        }
      }
    }
  }
}