{
  "claim_id": "C-U1",
  "version": "2.0.0",
  "generated_at_utc": "2025-10-27T14:55:13Z",
  "inputs": {
    "constraints": "constraints.json",
    "interpretation": "abelian_rank = num_cycles - rank(constraints)"
  },
  "invariants": {
    "P3_enforced": true
  },
  "random_seeds": {},
  "tolerances": {
    "required_abelian_rank": 1
  },
  "computations": [
    {
      "name": "abelian_rank_snf.py",
      "status": "ok",
      "artifacts": [
        "constraints.json",
        "holonomy_rank.json"
      ]
    }
  ],
  "metrics": {
    "num_cycles": 12,
    "rank_constraints": 11,
    "abelian_rank": 1
  },
  "result": {
    "pass": true,
    "reason": "Constraints reduce to a single independent U(1) phase."
  },
  "provenance": {
    "tool_versions": {
      "python": "3.x"
    },
    "hashes": [
      {
        "path": "abelian_rank_snf.py",
        "sha256": "72fec0304138012704dcd8e042f48518973c6603df4e3a73cc4d89148ff63d10"
      },
      {
        "path": "constraints.json",
        "sha256": "70edda59e6b7317d7e9b2ee26a08bd030d9dbff496417ebd282dd969f64ac5e4"
      },
      {
        "path": "holonomy_rank.json",
        "sha256": "e7fd7823aae151d65c0344d9ddc43a4e812c8a5f4d831d60c52414eaadd2f0bd"
      }
    ]
  }
}