{
  "claim_id": "C-U1",
  "version": "1.0.0-stub",
  "generated_at_utc": "2025-10-27T14:48:21Z",
  "inputs": {
    "notes": "Stub run to demonstrate schema shape."
  },
  "invariants": {
    "six_over_five": 1.2,
    "D_eff": 2.81056,
    "phi": 1.618033988749895,
    "h": 0.967,
    "kappa": 3.23606797749979
  },
  "random_seeds": {
    "main": 42
  },
  "tolerances": {
    "abs": 1e-06,
    "rel": 1e-06
  },
  "computations": [
    {
      "name": "stub",
      "status": "ok",
      "artifacts": []
    }
  ],
  "metrics": {
    "num_cycles": 12,
    "num_independent_phases": 1,
    "min_positive_hessian_eig": 0.001,
    "num_flat_dirs": 1
  },
  "result": {
    "pass": true,
    "reason": "All metrics within tolerances (stub)."
  },
  "provenance": {
    "tool_versions": {
      "python": "3.x"
    },
    "hashes": [
      {
        "path": "holonomy_closure.py",
        "sha256": "3e170fdc01f38d4b608701dd34f17cb690a5201d853b9d0658439a87ef66d76d"
      },
      {
        "path": "sigma_hessian.py",
        "sha256": "e89611f92d2a3c75b3b60dfcd011a2a3ef04e8f2d4c617be92c27984943f2d07"
      }
    ]
  }
}