{
  "$schema": "http://json-schema.org/draft-07/schema#",
  "title": "CERT schema for C-PhiGram \u2014 Gram & Ces\u00e0ro Diagnostics",
  "type": "object",
  "required": [
    "claim_id",
    "version",
    "generated_at_utc",
    "inputs",
    "invariants",
    "random_seeds",
    "tolerances",
    "computations",
    "metrics",
    "result",
    "provenance"
  ],
  "properties": {
    "claim_id": {
      "type": "string",
      "const": "C-PhiGram"
    },
    "version": {
      "type": "string"
    },
    "generated_at_utc": {
      "type": "string"
    },
    "inputs": {
      "type": "object"
    },
    "invariants": {
      "type": "object"
    },
    "random_seeds": {
      "type": "object"
    },
    "tolerances": {
      "type": "object"
    },
    "computations": {
      "type": "array"
    },
    "metrics": {
      "type": "object",
      "properties": {
        "lambda_min": {
          "type": "number"
        },
        "lambda_max": {
          "type": "number"
        },
        "cond": {
          "type": "number"
        },
        "spectral_radius": {
          "type": "number"
        },
        "delta_p2n": {
          "type": "number"
        },
        "grid": {
          "type": "number"
        },
        "B": {
          "type": "number"
        }
      }
    },
    "result": {
      "type": "object",
      "properties": {
        "pass": {
          "type": "boolean"
        },
        "reason": {
          "type": "string"
        }
      }
    },
    "provenance": {
      "type": "object"
    }
  }
}