{
  "claim_id": "C-NoSing",
  "version": "1.0.0-stub",
  "generated_at_utc": "2025-10-27T14:48:21Z",
  "inputs": {
    "notes": "Stub run to demonstrate schema shape."
  },
  "invariants": {
    "six_over_five": 1.2,
    "D_eff": 2.81056,
    "phi": 1.618033988749895,
    "h": 0.967,
    "kappa": 3.23606797749979
  },
  "random_seeds": {
    "main": 42
  },
  "tolerances": {
    "abs": 1e-06,
    "rel": 1e-06
  },
  "computations": [
    {
      "name": "stub",
      "status": "ok",
      "artifacts": []
    }
  ],
  "metrics": {
    "min_margin_energy_identity": 0.00025,
    "min_margin_trapped_surface_bound": 0.00013
  },
  "result": {
    "pass": true,
    "reason": "All metrics within tolerances (stub)."
  },
  "provenance": {
    "tool_versions": {
      "python": "3.x"
    },
    "hashes": [
      {
        "path": "barrier_certificate.ipynb",
        "sha256": "f539a4c131e6390bd3358d2ccdd3453d8637527c2d3b67d9271f01bf320f23bd"
      },
      {
        "path": "inequalities.txt",
        "sha256": "51b644ee99a6d65a77b88dbf963f7157d5103ef439ad99a6192b6a2d06257070"
      }
    ]
  }
}