{
  "claim_id": "C-NoSing",
  "version": "2.0.0",
  "generated_at_utc": "2025-10-27T14:55:13Z",
  "inputs": {
    "alpha_H": 1.0
  },
  "invariants": {
    "P3_Robin": true
  },
  "random_seeds": {},
  "tolerances": {
    "energy_margin_min": 1e-05,
    "trap_margin_min": 1e-05
  },
  "computations": [
    {
      "name": "check_barrier_v2.py",
      "status": "ok",
      "artifacts": [
        "nosing_metrics_v2.json"
      ]
    }
  ],
  "metrics": {
    "alpha_H": 1.0,
    "min_margin_energy_identity": 0.0002,
    "min_margin_trapped_surface_bound": 0.00012
  },
  "result": {
    "pass": true,
    "reason": "Positive margins for barrier inequalities in the model."
  },
  "provenance": {
    "tool_versions": {
      "python": "3.x"
    },
    "hashes": [
      {
        "path": "check_barrier_v2.py",
        "sha256": "a9b3c98228d0d2e86f6c93aca915938b7f9d3c6a94ebdfbe943426af9bb70cd4"
      },
      {
        "path": "nosing_metrics_v2.json",
        "sha256": "a700d644565f270d286d36573c4c9b2052fcb4d985750cd31c3275f6e1dabea1"
      }
    ]
  }
}