{
  "$schema": "http://json-schema.org/draft-07/schema#",
  "title": "CERT schema for C-Proj \u2014 Projector uniqueness",
  "type": "object",
  "required": [
    "claim_id",
    "version",
    "generated_at_utc",
    "inputs",
    "invariants",
    "random_seeds",
    "tolerances",
    "computations",
    "metrics",
    "result",
    "provenance"
  ],
  "properties": {
    "claim_id": {
      "type": "string",
      "const": "C-Proj"
    },
    "version": {
      "type": "string"
    },
    "generated_at_utc": {
      "type": "string",
      "format": "date-time"
    },
    "inputs": {
      "type": "object"
    },
    "invariants": {
      "type": "object"
    },
    "random_seeds": {
      "type": "object"
    },
    "tolerances": {
      "type": "object"
    },
    "computations": {
      "type": "array"
    },
    "metrics": {
      "type": "object",
      "properties": {
        "num_projectors": {
          "type": "number"
        },
        "C_sigma_mean": {
          "type": "number"
        },
        "C_sigma_std": {
          "type": "number"
        },
        "C_sigma_min": {
          "type": "number"
        },
        "C_sigma_max": {
          "type": "number"
        }
      }
    },
    "result": {
      "type": "object",
      "properties": {
        "pass": {
          "type": "boolean"
        },
        "reason": {
          "type": "string"
        }
      }
    },
    "provenance": {
      "type": "object"
    }
  }
}