{
  "claim_id": "C-Proj",
  "version": "1.0.0-stub",
  "generated_at_utc": "2025-10-27T14:48:21Z",
  "inputs": {
    "notes": "Stub run to demonstrate schema shape."
  },
  "invariants": {
    "six_over_five": 1.2,
    "D_eff": 2.81056,
    "phi": 1.618033988749895,
    "h": 0.967,
    "kappa": 3.23606797749979
  },
  "random_seeds": {
    "main": 42
  },
  "tolerances": {
    "abs": 1e-06,
    "rel": 1e-06
  },
  "computations": [
    {
      "name": "stub",
      "status": "ok",
      "artifacts": []
    }
  ],
  "metrics": {
    "num_projectors": 10,
    "C_sigma_mean": 1.0001,
    "C_sigma_std": 0.002,
    "num_signature_matches": 10
  },
  "result": {
    "pass": true,
    "reason": "All metrics within tolerances (stub)."
  },
  "provenance": {
    "tool_versions": {
      "python": "3.x"
    },
    "hashes": [
      {
        "path": "projector_sweep.py",
        "sha256": "25021f46182f571c4f1a82db92ca5a7d6cb6ea2926af9ddcb670813212544ac1"
      }
    ]
  }
}