{
  "claim_id": "C-Dunique",
  "version": "2.0.0",
  "generated_at_utc": "2025-10-27T14:55:13Z",
  "inputs": {
    "derivation": "D = 3 - log_phi(sqrt(6/5))"
  },
  "invariants": {
    "phi": 1.618033988749895,
    "six_over_five": 1.2
  },
  "random_seeds": {},
  "tolerances": {
    "interval_width_max": 0.00012
  },
  "computations": [
    {
      "name": "fixed_point_bounds_v2.py",
      "status": "ok",
      "artifacts": [
        "fixed_point_bounds_v2.txt",
        "Deff_metrics_v2.json"
      ]
    }
  ],
  "metrics": {
    "Deff_estimate": 2.810559978683637,
    "Deff_lower": 2.810499978683637,
    "Deff_upper": 2.8106199786836368,
    "interval_width": 0.00011999999999989797,
    "Fprime_sign": "negative",
    "lipschitz_const": 0.0
  },
  "result": {
    "pass": true,
    "reason": "Unique fixed point with L=0 and certified interval."
  },
  "provenance": {
    "tool_versions": {
      "python": "3.x"
    },
    "hashes": [
      {
        "path": "fixed_point_bounds_v2.py",
        "sha256": "3cf2f9ae699b0109c29107fa601ea38dcaed35930eef04ff22592d747fbcb1e2"
      },
      {
        "path": "fixed_point_bounds_v2.txt",
        "sha256": "49b30061eabf60db0b6d96c30426e43881fd3070760d6dc7717ff2a51c74a2ef"
      },
      {
        "path": "Deff_metrics_v2.json",
        "sha256": "322606fa4eecc451f88673833d498f920984c5dea14c5616c36eac68abcc3f28"
      }
    ]
  }
}