{
  "claim_id": "C-Dunique",
  "version": "1.0.0-stub",
  "generated_at_utc": "2025-10-27T14:48:21Z",
  "inputs": {
    "notes": "Stub run to demonstrate schema shape."
  },
  "invariants": {
    "six_over_five": 1.2,
    "D_eff": 2.81056,
    "phi": 1.618033988749895,
    "h": 0.967,
    "kappa": 3.23606797749979
  },
  "random_seeds": {
    "main": 42
  },
  "tolerances": {
    "abs": 1e-06,
    "rel": 1e-06
  },
  "computations": [
    {
      "name": "stub",
      "status": "ok",
      "artifacts": []
    }
  ],
  "metrics": {
    "Deff_lower": 2.8105,
    "Deff_upper": 2.81062,
    "lipschitz_const": 0.92,
    "num_subintervals": 8
  },
  "result": {
    "pass": true,
    "reason": "All metrics within tolerances (stub)."
  },
  "provenance": {
    "tool_versions": {
      "python": "3.x"
    },
    "hashes": [
      {
        "path": "fixed_point_bounds.py",
        "sha256": "b345dd3927ebee55c591dad0d0b85967d8ac3acf3f0fa64801885f3abe02a8dd"
      }
    ]
  }
}