{
  "has_phi_any_cert": true,
  "has_six_over_five_any_cert": true,
  "has_h_any_cert": true,
  "has_kappa_any_cert": true,
  "cert_paths": [
    "/mnt/data/geodesic_specs_v1/A_U1_selection/CERT_stub.json",
    "/mnt/data/geodesic_specs_v1/A_U1_selection/CERT_U1_v2.json",
    "/mnt/data/geodesic_specs_v1/A_U1_selection/CERT_C-U1.schema.json",
    "/mnt/data/geodesic_specs_v1/A_U1_selection/CERT_C.schema.json",
    "/mnt/data/geodesic_specs_v1/B_Deff_uniqueness/CERT_stub.json",
    "/mnt/data/geodesic_specs_v1/B_Deff_uniqueness/CERT_Deff_v2.json",
    "/mnt/data/geodesic_specs_v1/B_Deff_uniqueness/CERT_C-Dunique.schema.json",
    "/mnt/data/geodesic_specs_v1/B_Deff_uniqueness/CERT_C.schema.json",
    "/mnt/data/geodesic_specs_v1/C_projector_uniqueness/CERT_stub.json",
    "/mnt/data/geodesic_specs_v1/C_projector_uniqueness/CERT_proj_v2.json",
    "/mnt/data/geodesic_specs_v1/C_projector_uniqueness/CERT_C-Proj.schema.json",
    "/mnt/data/geodesic_specs_v1/C_projector_uniqueness/CERT_C.schema.json",
    "/mnt/data/geodesic_specs_v1/D_su4_no_go/CERT_stub.json",
    "/mnt/data/geodesic_specs_v1/D_su4_no_go/CERT_su4_v2.json",
    "/mnt/data/geodesic_specs_v1/D_su4_no_go/CERT_C-SU4-NoGo.schema.json",
    "/mnt/data/geodesic_specs_v1/D_su4_no_go/CERT_C.schema.json",
    "/mnt/data/geodesic_specs_v1/E_no_singularity/CERT_stub.json",
    "/mnt/data/geodesic_specs_v1/E_no_singularity/CERT_nosing_v2.json",
    "/mnt/data/geodesic_specs_v1/E_no_singularity/CERT_C-NoSing.schema.json",
    "/mnt/data/geodesic_specs_v1/E_no_singularity/CERT_C.schema.json"
  ]
}