{
  "generated_utc": "2025-10-27T15:56:23Z",
  "sources": [
    {
      "path": "/mnt/data/mFLO \ud83c\udf00\ud83c\udfaf\u269b\ufe0f A Geometric Resonance Condition for Gauge Group Selection.md",
      "exists": true,
      "sha256": "09f353228e21dbf50d8414d4db1290b4ab4ef51d7b90beb5721268bb73ecca7e",
      "invariants": {
        "six_over_five": false,
        "phi_word": true,
        "phi_symbol": false,
        "kappa": false,
        "h_param": false,
        "Deff": true,
        "U1": true,
        "SU4": true
      }
    },
    {
      "path": "/mnt/data/LST FU Part II: UTC (cld).docx",
      "exists": true,
      "sha256": "bd8a6cfaedcd5c4f206bc7f89638393c4d8cf1d85efcaaed57ec0471967dbedd",
      "invariants": {
        "six_over_five": false,
        "phi_word": false,
        "phi_symbol": false,
        "kappa": false,
        "h_param": false,
        "Deff": false,
        "U1": false,
        "SU4": false
      }
    },
    {
      "path": "/mnt/data/\u2728\ud83c\udf1f \u2705 19_19 v.3.5.4j - mFLO - Formal + IntAlg Papers as of Oct 22 2025.pdf",
      "exists": true,
      "sha256": "3c9930628b979dfc4e5eb7a3ba4779678c7a5ef3de8f3862dc41531efbbd046d",
      "invariants": {
        "six_over_five": false,
        "phi_word": false,
        "phi_symbol": false,
        "kappa": false,
        "h_param": false,
        "Deff": false,
        "U1": false,
        "SU4": false
      }
    }
  ]
}